sim_number,apogee_agl,error,error_pct,flight_time,max_deployment,mean_deployment,control_actions,mean_predicted_apogee,inclination,mass,com,kp,kd,pred_cd,airbrake_cd
1,232.52700692739143,3.9270069273914316,1.7178507993838283,6.6158853527420876,1.0,0.9411904761904762,210,233.37671905230937,84.8955488441458,0.5110007480713965,0.2891520874841289,400.0,0.2,0.8,0.5
2,230.51038468617384,1.9103846861738418,0.8356888390961688,6.60416860864968,1.0,0.9400238095238095,210,231.34656736847748,85.00964951100684,0.517072758567218,0.29766787248254284,400.0,0.2,0.8,0.5
